{
    "name": "root",
    "gauges": {
        "AircraftTakeOff.Policy.Entropy.mean": {
            "value": 1.385613203048706,
            "min": 1.385613203048706,
            "max": 1.416712999343872,
            "count": 6
        },
        "AircraftTakeOff.Policy.Entropy.sum": {
            "value": 69302.828125,
            "min": 69302.828125,
            "max": 70909.3203125,
            "count": 6
        },
        "AircraftTakeOff.Environment.EpisodeLength.mean": {
            "value": 170.06849315068493,
            "min": 170.06849315068493,
            "max": 616.1358024691358,
            "count": 6
        },
        "AircraftTakeOff.Environment.EpisodeLength.sum": {
            "value": 49660.0,
            "min": 49660.0,
            "max": 50006.0,
            "count": 6
        },
        "AircraftTakeOff.Step.mean": {
            "value": 299952.0,
            "min": 49988.0,
            "max": 299952.0,
            "count": 6
        },
        "AircraftTakeOff.Step.sum": {
            "value": 299952.0,
            "min": 49988.0,
            "max": 299952.0,
            "count": 6
        },
        "AircraftTakeOff.Policy.ExtrinsicValueEstimate.mean": {
            "value": -0.26321861147880554,
            "min": -0.26321861147880554,
            "max": 0.5463109612464905,
            "count": 6
        },
        "AircraftTakeOff.Policy.ExtrinsicValueEstimate.sum": {
            "value": -242.68756103515625,
            "min": -242.68756103515625,
            "max": 449.0675964355469,
            "count": 6
        },
        "AircraftTakeOff.Policy.RndValueEstimate.mean": {
            "value": 259.2389221191406,
            "min": 67.14208984375,
            "max": 259.2389221191406,
            "count": 6
        },
        "AircraftTakeOff.Policy.RndValueEstimate.sum": {
            "value": 239018.296875,
            "min": 55190.796875,
            "max": 239018.296875,
            "count": 6
        },
        "AircraftTakeOff.Environment.CumulativeReward.mean": {
            "value": -1.0036331892176211,
            "min": -1.66501813905923,
            "max": -1.0036331892176211,
            "count": 6
        },
        "AircraftTakeOff.Environment.CumulativeReward.sum": {
            "value": -293.0608912515454,
            "min": -293.0608912515454,
            "max": -134.86646926379763,
            "count": 6
        },
        "AircraftTakeOff.Policy.ExtrinsicReward.mean": {
            "value": -1.0036331892176211,
            "min": -1.66501813905923,
            "max": -1.0036331892176211,
            "count": 6
        },
        "AircraftTakeOff.Policy.ExtrinsicReward.sum": {
            "value": -293.0608912515454,
            "min": -293.0608912515454,
            "max": -134.86646926379763,
            "count": 6
        },
        "AircraftTakeOff.Policy.RndReward.mean": {
            "value": 364.9763348935402,
            "min": 364.9763348935402,
            "max": 3105.8579867173125,
            "count": 6
        },
        "AircraftTakeOff.Policy.RndReward.sum": {
            "value": 106573.08978891373,
            "min": 99010.0409989357,
            "max": 251574.4969241023,
            "count": 6
        },
        "AircraftTakeOff.Losses.PolicyLoss.mean": {
            "value": 0.036267026435234585,
            "min": 0.03402315614900241,
            "max": 0.03762566980440169,
            "count": 6
        },
        "AircraftTakeOff.Losses.PolicyLoss.sum": {
            "value": 0.07253405287046917,
            "min": 0.06822600302208837,
            "max": 0.11287700941320508,
            "count": 6
        },
        "AircraftTakeOff.Losses.ValueLoss.mean": {
            "value": 21.841695257027943,
            "min": 12.45999956395891,
            "max": 1151.485833676656,
            "count": 6
        },
        "AircraftTakeOff.Losses.ValueLoss.sum": {
            "value": 43.68339051405589,
            "min": 27.462349335352577,
            "max": 2302.971667353312,
            "count": 6
        },
        "AircraftTakeOff.Policy.LearningRate.mean": {
            "value": 0.000283383005539,
            "min": 0.000283383005539,
            "max": 0.00029815305061565,
            "count": 6
        },
        "AircraftTakeOff.Policy.LearningRate.sum": {
            "value": 0.000566766011078,
            "min": 0.000566766011078,
            "max": 0.0008778379273873598,
            "count": 6
        },
        "AircraftTakeOff.Policy.Epsilon.mean": {
            "value": 0.19446100000000005,
            "min": 0.19446100000000005,
            "max": 0.19938435,
            "count": 6
        },
        "AircraftTakeOff.Policy.Epsilon.sum": {
            "value": 0.3889220000000001,
            "min": 0.3889220000000001,
            "max": 0.5926126399999999,
            "count": 6
        },
        "AircraftTakeOff.Policy.Beta.mean": {
            "value": 0.0047236039,
            "min": 0.0047236039,
            "max": 0.004969279065000002,
            "count": 6
        },
        "AircraftTakeOff.Policy.Beta.sum": {
            "value": 0.0094472078,
            "min": 0.0094472078,
            "max": 0.014631370736000002,
            "count": 6
        },
        "AircraftTakeOff.Losses.RNDLoss.mean": {
            "value": 213.20384216308594,
            "min": 198.2616424560547,
            "max": 367.4183654785156,
            "count": 6
        },
        "AircraftTakeOff.Losses.RNDLoss.sum": {
            "value": 426.4076843261719,
            "min": 397.6580810546875,
            "max": 734.8367309570312,
            "count": 6
        },
        "AircraftTakeOff.IsTraining.mean": {
            "value": 1.0,
            "min": 1.0,
            "max": 1.0,
            "count": 6
        },
        "AircraftTakeOff.IsTraining.sum": {
            "value": 1.0,
            "min": 1.0,
            "max": 1.0,
            "count": 6
        }
    },
    "metadata": {
        "timer_format_version": "0.1.0",
        "start_time_seconds": "1710245169",
        "python_version": "3.9.13 (main, Aug 25 2022, 23:51:50) [MSC v.1916 64 bit (AMD64)]",
        "command_line_arguments": "C:\\Users\\Yusuf\\anaconda3\\Scripts\\mlagents-learn ./ML-Agents/Configs/AircraftTakeOffPPO.yaml --run-id=AircraftTakeOff --force",
        "mlagents_version": "0.30.0",
        "mlagents_envs_version": "0.30.0",
        "communication_protocol_version": "1.5.0",
        "pytorch_version": "1.13.1+cu117",
        "numpy_version": "1.21.2",
        "end_time_seconds": "1710250270"
    },
    "total": 5101.2023582,
    "count": 1,
    "self": 0.014026700000613346,
    "children": {
        "run_training.setup": {
            "total": 0.3264327000000007,
            "count": 1,
            "self": 0.3264327000000007
        },
        "TrainerController.start_learning": {
            "total": 5100.8618988,
            "count": 1,
            "self": 6.195258100015053,
            "children": {
                "TrainerController._reset_env": {
                    "total": 26.017715199999998,
                    "count": 1,
                    "self": 26.017715199999998
                },
                "TrainerController.advance": {
                    "total": 5068.389188699985,
                    "count": 306111,
                    "self": 6.407155900077669,
                    "children": {
                        "env_step": {
                            "total": 4928.167316200118,
                            "count": 306111,
                            "self": 3846.828315700244,
                            "children": {
                                "SubprocessEnvManager._take_step": {
                                    "total": 1077.281870299979,
                                    "count": 306111,
                                    "self": 20.542991200105917,