{
    "name": "root",
    "metadata": {
        "timer_format_version": "0.1.0",
        "start_time_seconds": "1710107805",
        "python_version": "3.9.13 (main, Aug 25 2022, 23:51:50) [MSC v.1916 64 bit (AMD64)]",
        "command_line_arguments": "C:\\Users\\Yusuf\\anaconda3\\Scripts\\mlagents-learn ./Assets/ML-Agents/Configs/AircraftTakeOffPPO.yaml --run-id=AircraftTakeOff --resume",
        "mlagents_version": "0.30.0",
        "mlagents_envs_version": "0.30.0",
        "communication_protocol_version": "1.5.0",
        "pytorch_version": "1.13.1+cu117",
        "numpy_version": "1.21.2",
        "end_time_seconds": "1710108011"
    },
    "total": 206.62031149999999,
    "count": 1,
    "self": 0.011377399999958016,
    "children": {
        "run_training.setup": {
            "total": 0.28348119999999977,
            "count": 1,
            "self": 0.28348119999999977
        },
        "TrainerController.start_learning": {
            "total": 206.32545290000002,
            "count": 1,
            "self": 0.1427513999998382,
            "children": {
                "TrainerController._reset_env": {
                    "total": 23.706389299999998,
                    "count": 1,
                    "self": 23.706389299999998
                },
                "TrainerController.advance": {
                    "total": 182.23918200000017,
                    "count": 7251,
                    "self": 0.1356639000003952,
                    "children": {
                        "env_step": {
                            "total": 178.17653730000023,
                            "count": 7251,
                            "self": 142.89980380000043,
                            "children": {
                                "SubprocessEnvManager._take_step": {
                                    "total": 35.19065500000018,
                                    "count": 7251,
                                    "self": 0.4387923999999046,
                                    "children": {
                                        "TorchPolicy.evaluate": {
                                            "total": 34.75186260000027,
                                            "count": 7251,
                                            "self": 34.75186260000027
                                        }
                                    }
                                },
                                "workers": {
                                    "total": 0.08607849999962269,
                                    "count": 7250,
                                    "self": 0.0,
                                    "children": {
                                        "worker_root": {
                                            "total": 124.88085760000014,
                                            "count": 7250,
                                            "is_parallel": true,
                                            "self": 52.28279220000036,
                                            "children": {
                                                "steps_from_proto": {
                                                    "total": 0.001968700000002599,
                                                    "count": 1,
                                                    "is_parallel": true,
                                                    "self": 0.0001007000000043945,
                                                    "children": {
                                                        "_process_rank_one_or_two_observation": {
                                                            "total": 0.0018679999999982044,
                                                            "count": 2,
                                                            "is_parallel": true,
                                                            "self": 0.0018679999999982044
                                                        }
                                                    }
                                                },
                                                "UnityEnvironment.step": {
                                                    "total": 72.59609669999978,
                                                    "count": 7250,
                                                    "is_parallel": true,
                                                    "self": 0.5203027000001441,
                                                    "children": {
                                                        "UnityEnvironment._generate_step_input": {
                                                            "total": 0.462835300000183,
                                                            "count": 7250,
                                                            "is_parallel": true,
                                                            "self": 0.462835300000183
                                                        },
                                                        "communicator.exchange": {
                                                            "total": 70.37246979999996,
                                                            "count": 7250,
                                                            "is_parallel": true,
                                                            "self": 70.37246979999996
                                                        },
                                                        "steps_from_proto": {
                                                            "total": 1.240488899999491,
                                                            "count": 7250,
                                                            "is_parallel": true,
                                                            "self": 0.5735672999994748,
                                                            "children": {
                                                                "_process_rank_one_or_two_observation": {
                                                                    "total": 0.6669216000000162,
                                                                    "count": 14500,
                                                                    "is_parallel": true,
                                                                    "self": 0.6669216000000162
                                                                }
                                                            }
                                                        }
                                                    }
                                                }
                                            }
                                        }
                                    }
                                }
                            }
                        },
                        "trainer_advance": {
                            "total": 3.9269807999995514,
                            "count": 7250,
                            "self": 0.17742799999933112,
                            "children": {
                                "process_trajectory": {
                                    "total": 1.05599310000024,
                                    "count": 7250,
                                    "self": 1.05599310000024
                                },
                                "_update_policy": {
                                    "total": 2.6935596999999802,
                                    "count": 3,
                                    "self": 0.7823735999999144,
                                    "children": {
                                        "TorchPPOOptimizer.update": {
                                            "total": 1.9111861000000658,
                                            "count": 144,