{"count":1,"self":306.58106879999997,"total":337.063445,"children":{"InitializeActuators":{"count":3,"self":0.00050389999999999994,"total":0.00050389999999999994,"children":null},"InitializeSensors":{"count":3,"self":0.000997,"total":0.000997,"children":null},"AgentSendState":{"count":37154,"self":0.2362561,"total":12.5475028,"children":{"CollectObservations":{"count":37142,"self":12.1299048,"total":12.129904999999999,"children":null},"WriteActionMask":{"count":37142,"self":0.047034599999999996,"total":0.047034599999999996,"children":null},"RequestDecision":{"count":37142,"self":0.13430709999999998,"total":0.13430709999999998,"children":null}}},"DecideAction":{"count":37154,"self":8.506992799999999,"total":8.5069926,"children":null},"AgentAct":{"count":37154,"self":9.4263888,"total":9.4263885,"children":null}},"gauges":{"AircraftLanding.CumulativeReward":{"count":1,"max":-11.6542683,"min":-11.6542683,"runningAverage":-11.6542683,"value":-11.6542683,"weightedAverage":-11.6542683}},"metadata":{"timer_format_version":"0.1.0","start_time_seconds":"1742497565","unity_version":"6000.2.0a6","command_line_arguments":"C:\\Program Files\\Unity\\Hub\\Editor\\6000.2.0a6\\Editor\\Unity.exe -projectPath C:\\Users\\Yusuf\\OneDrive\\Desktop\\GitHub\\AircraftAI\\AircraftAI","communication_protocol_version":"1.5.0","com.unity.ml-agents_version":"3.0.0","scene_name":"Istanbul","end_time_seconds":"1742497902"}}