{"count":1,"self":592.61870079999994,"total":755.5923889,"children":{"InitializeActuators":{"count":9,"self":0.0015027999999999999,"total":0.0015027999999999999,"children":null},"InitializeSensors":{"count":9,"self":0.0015034999999999998,"total":0.0015034999999999998,"children":null},"AgentSendState":{"count":61367,"self":0.7254856,"total":6.4765304,"children":{"CollectObservations":{"count":110466,"self":3.454916,"total":3.4549160999999997,"children":null},"WriteActionMask":{"count":110466,"self":0.0975721,"total":0.0975721,"children":null},"RequestDecision":{"count":110466,"self":0.80930269999999993,"total":2.1985566,"children":{"AgentInfo.ToProto":{"count":110466,"self":0.3883298,"total":1.3892539,"children":{"GenerateSensorData":{"count":110466,"self":1.0009241,"total":1.0009241,"children":null}}}}}}},"DecideAction":{"count":61367,"self":123.5151616,"total":123.5151602,"children":null},"AgentAct":{"count":61367,"self":32.9588768,"total":32.978491,"children":{"AgentInfo.ToProto":{"count":662,"self":0.0059334999999999995,"total":0.0196136,"children":{"GenerateSensorData":{"count":662,"self":0.013680099999999999,"total":0.013680099999999999,"children":null}}}}}},"gauges":{"AircraftTakeOff.CumulativeReward":{"count":662,"max":-0.4197923,"min":-0.851193964,"runningAverage":-0.7139611,"value":-0.663981557,"weightedAverage":-0.6873758}},"metadata":{"timer_format_version":"0.1.0","start_time_seconds":"1710277658","unity_version":"2022.3.14f1","command_line_arguments":"C:\\Program Files\\Unity\\Hub\\Editor\\2022.3.14f1\\Editor\\Unity.exe -projectpath C:\\Users\\Yusuf\\Documents\\GitHub\\AircraftAI\\AircraftAI -useHub -hubIPC -cloudEnvironment production -licensingIpc LicenseClient-Yusuf -hubSessionId 6ae95fb6-f5fe-4100-aec4-55dc2f82493d -accessToken wmaqJN3JMwoaJZdo2l2Othy0qe8NMzeRZvv6tU8GkH0011f","communication_protocol_version":"1.5.0","com.unity.ml-agents_version":"2.0.1","scene_name":"MainScene","end_time_seconds":"1710278413"}}