{"count":1,"self":310.490368,"total":362.1627823,"children":{"InitializeActuators":{"count":2,"self":0.0010088,"total":0.0010088,"children":null},"InitializeSensors":{"count":2,"self":0.0015184999999999999,"total":0.0015184999999999999,"children":null},"AgentSendState":{"count":17895,"self":0.2125377,"total":17.594112,"children":{"CollectObservations":{"count":17894,"self":17.240399999999998,"total":17.2403992,"children":null},"WriteActionMask":{"count":17894,"self":0.029662499999999998,"total":0.029662499999999998,"children":null},"RequestDecision":{"count":17894,"self":0.11151259999999999,"total":0.11151259999999999,"children":null}}},"DecideAction":{"count":17895,"self":13.9681616,"total":13.9681614,"children":null},"AgentAct":{"count":17895,"self":20.107623999999998,"total":20.107623399999998,"children":null}},"gauges":{},"metadata":{"timer_format_version":"0.1.0","start_time_seconds":"1736684569","unity_version":"2022.3.14f1","command_line_arguments":"C:\\Program Files\\Unity\\Hub\\Editor\\2022.3.14f1\\Editor\\Unity.exe -projectpath D:\\GitHub\\AircraftAI\\AircraftAI -useHub -hubIPC -cloudEnvironment production -licensingIpc LicenseClient-Yusuf -hubSessionId f9aa32f1-d629-4241-95e6-916f44bfc9dc -accessToken 7ZeXcwPfj3yRWPu5YXU9ufsDgkkJYdS2uTACFy17Hr4011f","communication_protocol_version":"1.5.0","com.unity.ml-agents_version":"2.0.1","scene_name":"MainScene","end_time_seconds":"1736684930"}}