{"count":1,"self":46.8149344,"total":170.39885809999998,"children":{"InitializeActuators":{"count":1,"self":0.0024354,"total":0.0024354,"children":null},"InitializeSensors":{"count":1,"self":0.0010494,"total":0.0010494,"children":null},"AgentSendState":{"count":22701,"self":0.24368309999999999,"total":17.542901399999998,"children":{"CollectObservations":{"count":22701,"self":16.558715199999998,"total":16.5587159,"children":null},"WriteActionMask":{"count":22701,"self":0.040511899999999997,"total":0.040511899999999997,"children":null},"RequestDecision":{"count":22701,"self":0.1954782,"total":0.6999905,"children":{"AgentInfo.ToProto":{"count":22701,"self":0.1220753,"total":0.5045123,"children":{"GenerateSensorData":{"count":22701,"self":0.38243699999999997,"total":0.38243699999999997,"children":null}}}}}}},"DecideAction":{"count":22701,"self":91.8522304,"total":91.852229299999991,"children":null},"AgentAct":{"count":22701,"self":14.181230399999999,"total":14.1842803,"children":{"AgentInfo.ToProto":{"count":59,"self":0,"total":0.0030491999999999997,"children":{"GenerateSensorData":{"count":59,"self":0.0030491999999999997,"total":0.0030491999999999997,"children":null}}}}}},"gauges":{"AircraftTakeOff.CumulativeReward":{"count":59,"max":-0.293263853,"min":-2.090238,"runningAverage":-0.930779934,"value":-1.2927177,"weightedAverage":-1.08930385}},"metadata":{"timer_format_version":"0.1.0","start_time_seconds":"1715784679","unity_version":"2022.3.14f1","command_line_arguments":"C:\\Program Files\\Unity\\Hub\\Editor\\2022.3.14f1\\Editor\\Unity.exe -projectpath C:\\Users\\Yusuf\\Documents\\GitHub\\AircraftAI\\AircraftAI -useHub -hubIPC -cloudEnvironment production -licensingIpc LicenseClient-Yusuf -hubSessionId d20cb7d6-dea5-4508-a621-7c9ff786c5b3 -accessToken 1NPrARMa29E22VEtIlx0Ogguvj3iqbXEBLdAxwOQlek011f","communication_protocol_version":"1.5.0","com.unity.ml-agents_version":"2.0.1","scene_name":"Training","end_time_seconds":"1715784849"}}